-- Chèn dữ liệu vào bảng informations
INSERT INTO informations (id, name, birth, gender, phone, address, citizen_id)
VALUES
(1, 'Quach Thi Phuong', '06/05/1994', 'Female', '0945123456', 'Phan Thiet', 1016),
(2, 'Nguyen Van A', '07/12/1995', 'Male', '0123456789', 'Ha Noi', 1001),
(3, 'Le Thi B', '05/12/1992', 'Female', '0987654321', 'Sai Gon', 1002),
(4, 'Pham Van C', '11/03/1998', 'Male', '0321654987', 'Da Nang', 1003),
(5, 'Tran Thi D', '03/11/1990', 'Female', '0975316428', 'Hai Phong', 1004),
(6, 'Bui Van E', '09/02/1996', 'Male', '0932148576', 'Can Tho', 1005),
(7, 'Ho Thi F', '12/11/1994', 'Female', '0965478123', 'Nha Trang', 1006),
(8, 'Vu Van G', '06/07/1989', 'Male', '0912345678', 'Hue', 1007),
(9, 'Ngo Thi H', '02/07/1997', 'Female', '0981122334', 'Vung Tau', 1008),
(10, 'Dang Van I', '04/10/1993', 'Male', '0976655443', 'Buon Ma Thuot', 1009),
(11, 'Do Thi J', '08/09/1991', 'Female', '0945678123', 'Rach Gia', 1010),
(12, 'Trinh Van K', '07/12/1999', 'Male', '0936789123', 'Long Xuyen', 1011),
(13, 'Phan Thi L', '01/02/1998', 'Female', '0956782345', 'Bien Hoa', 1012),
(14, 'Ly Van M', '10/08/2000', 'Male', '0903456789', 'Thanh Hoa', 1013),
(15, 'Cao Thi N', '11/10/1988', 'Female', '0921123344', 'Thai Nguyen', 1014),
(16, 'Hoang Van O', '03/12/1995', 'Male', '0934567891', 'Quy Nhon', 1015),
(17, 'Quach Thi P', '06/05/1994', 'Female', '0945123456', 'Phan Thiet', 1016),
(18, 'Ton Van Q', '09/12/1992', 'Male', '0956234789', 'Cam Ranh', 1017),
(19, 'Vu Thi R', '07/05/1987', 'Female', '0967345678', 'Tam Ky', 1018),
(20, 'Le Van S', '12/02/1990', 'Male', '0978456789', 'Dong Hoi', 1019),
(21, 'Ngo Thi T', '02/11/1996', 'Female', '0989567123', 'Bac Giang', 1020);

-- Chèn dữ liệu vào bảng employees
INSERT INTO employees (id, information_id, role, salary, status)
VALUES
(1, 1, 3, 15500, 2),
(2, 2, 1, 12000, 1),
(3, 3, 2, 15000, 2),
(4, 4, 3, 18000, 1),
(5, 5, 1, 13000, 2),
(6, 6, 2, 14000, 1),
(7, 7, 3, 17000, 2),
(8, 8, 1, 12500, 1),
(9, 9, 2, 13500, 2),
(10, 10, 3, 16000, 1),
(11, 11, 1, 11500, 2),
(12, 12, 2, 14500, 1),
(13, 13, 3, 15500, 2),
(14, 14, 1, 12300, 1),
(15, 15, 2, 14700, 2),
(16, 16, 3, 16500, 1),
(17, 17, 1, 11900, 2),
(18, 18, 2, 13900, 1),
(19, 19, 3, 15900, 2),
(20, 20, 1, 12700, 1),
(21, 21, 2, 13700, 2);

SET DATEFORMAT dmy;

INSERT INTO dbo.salary_bills (id, employee_id, status, total_shifts, time)
VALUES
(1, 1, 1, 10, '01/03/2025'),
(2, 2, 2, 12, '02/03/2025'),
(3, 3, 1, 8, '03/03/2025'),
(4, 4, 2, 15, '04/03/2025'),
(5, 5, 1, 9, '05/03/2025'),
(6, 6, 2, 11, '06/03/2025'),
(7, 7, 1, 14, '07/03/2025'),
(8, 8, 2, 13, '08/03/2025'),
(9, 9, 1, 10, '09/03/2025'),
(10, 10, 2, 16, '10/03/2025'),
(11, 1, 1, 8, '11/03/2025'),
(12, 2, 2, 14, '12/03/2025'),
(13, 3, 1, 12, '13/03/2025'),
(14, 4, 2, 9, '14/03/2025'),
(15, 5, 1, 11, '15/03/2025'),
(16, 6, 2, 13, '16/03/2025'),
(17, 7, 1, 15, '17/03/2025'),
(18, 8, 2, 10, '18/03/2025'),
(19, 9, 1, 14, '19/03/2025'),
(20, 10, 2, 12, '20/03/2025');